{
    "parent": "item/handheld",
    "textures": {
        "layer0": "items/diamond_hoe"
    },
        "overrides": [
                { "predicate": {"damaged": 0, "damage": 0.00000}, "model": "item/mini_tempest"},
                { "predicate": {"damaged": 0, "damage": 0.00064}, "model": "item/metal_alchemy1"},
                { "predicate": {"damaged": 0, "damage": 0.00128}, "model": "item/metal_alchemy1"},
                { "predicate": {"damaged": 0, "damage": 0.00192}, "model": "item/metal_alchemy2"},
                { "predicate": {"damaged": 0, "damage": 0.00256}, "model": "item/metal_alchemy3"},
                { "predicate": {"damaged": 0, "damage": 0.00320}, "model": "item/metal_alchemy4"},
                { "predicate": {"damaged": 0, "damage": 0.00384}, "model": "item/poison_emitter"},
                { "predicate": {"damaged": 0, "damage": 0.00448}, "model": "item/poison_emitter1"},
                { "predicate": {"damaged": 0, "damage": 0.00512}, "model": "item/block_breaker"},
                { "predicate": {"damaged": 0, "damage": 0.00576}, "model": "item/growth_aura1"},
                { "predicate": {"damaged": 0, "damage": 0.00640}, "model": "item/sand_sifter1"},
                { "predicate": {"damaged": 0, "damage": 0.00704}, "model": "item/block_transformer"},
                { "predicate": {"damaged": 0, "damage": 0.00768}, "model": "item/attributer"},
                { "predicate": {"damaged": 0, "damage": 0.00832}, "model": "item/attributer"},
                { "predicate": {"damaged": 0, "damage": 0.00896}, "model": "item/quarry1"},
                { "predicate": {"damaged": 0, "damage": 0.00960}, "model": "item/quarry2"},
                { "predicate": {"damaged": 0, "damage": 0.01024}, "model": "item/macerator"},
                { "predicate": {"damaged": 0, "damage": 0.99649}, "model": "item/sign5"},
                { "predicate": {"damaged": 0, "damage": 0.99712}, "model": "item/sign4"},
                { "predicate": {"damaged": 0, "damage": 0.99776}, "model": "item/sign3"},
                { "predicate": {"damaged": 0, "damage": 0.99840}, "model": "item/sign2"},
                { "predicate": {"damaged": 0, "damage": 0.99904}, "model": "item/sign1"},
                { "predicate": {"damaged": 1, "damage": 0}, "model": "item/diamond_hoe"}
        ]
}