{
    "parent": "item/handheld",
    "textures": {
        "layer0": "items/gold_hoe"
    },
        "overrides": [
                { "predicate": {"damaged": 0, "damage": 0}, "model": "item/golden_hoe"},
                { "predicate": { "damaged": 0, "damage": 0.03125}, "model": "item/attribute/demonflint"},
                { "predicate": { "damaged": 0, "damage": 0.06250}, "model": "item/attribute/vibranfist"},
                { "predicate": { "damaged": 0, "damage": 0.09375}, "model": "item/attribute/crumblebrick"},
                { "predicate": { "damaged": 0, "damage": 0.125}, "model": "item/attribute/heavybrick"},
                { "predicate": { "damaged": 0, "damage": 0.15625}, "model": "item/attribute/bronzefist"},
                { "predicate": { "damaged": 0, "damage": 0.1875}, "model": "item/attribute/sacraflint"},
                { "predicate": { "damaged": 0, "damage": 0.21875}, "model": "item/attribute/accafist"},
                { "predicate": { "damaged": 0, "damage": 0.25}, "model": "item/attribute/sternbrick"},
                { "predicate": { "damaged": 0, "damage": 1.00}, "model": "item/attribute/mysterious_dust"},
                { "predicate": {"damaged": 1, "damage": 0}, "model": "item/golden_hoe"}
        ]
}