{
    "textures": {
        "texture": "blocks/mini_tempest_side",
        "mini_tempest_down": "blocks/mini_tempest_down",
        "mini_tempest_top": "blocks/mini_tempest_top"
        },
    "elements": [ 
{
    "from": [ 0, -0.5, 0 ],
    "to": [ 16, 16, 16 ],
    "faces": {
        "down":  { "uv": [ 16, 16, 0, 0 ], "texture": "#mini_tempest_down" },
        "up":    { "uv": [ 0, 0, 16, 16 ], "texture": "#mini_tempest_top" },
        "north": { "uv": [ 0, 0, 16, 16 ], "texture": "#texture" },
        "south": { "uv": [ 0, 0, 16, 16 ], "texture": "#texture" },
        "west":  { "uv": [ 0, 0, 16, 16 ], "texture": "#texture" },
        "east":  { "uv": [ 0, 0, 16, 16 ], "texture": "#texture" }
    }
}
],"display": {
    "thirdperson_lefthand": {"rotation": [ 0, 0, 0], "translation": [ 0, 0, 0 ], "scale": [ 0.5, 0.5, 0.5 ]},
    "thirdperson_righthand": {"rotation": [ 0, 0, 0], "translation": [ 0, 0, 0 ], "scale": [ 0.5, 0.5, 0.5 ]},
    "firstperson_lefthand": {"rotation": [ 0, 45, 0 ], "translation": [ 0, 0, 0 ], "scale": [ 0.5, 0.5, 0.5 ]},
    "firstperson_righthand": {"rotation": [ 0, 45, 0 ], "translation": [ 0, 0, 0 ], "scale": [ 0.5, 0.5, 0.5 ]},
    "gui": {"rotation": [ 30, 45, 0 ], "translation": [ 0, 0, 0 ], "scale": [ 0.65, 0.65, 0.65 ]},
    "ground": {"rotation": [ 0, 0, 180], "translation": [ 0, 0, 0 ], "scale":[1,1,1]},
    "head": { "translation": [ 0, -55, 0 ], "scale": [ 1.75, 1.75, 1.75 ]},
    "fixed": {"rotation": [ 0, 0, 0], "translation": [ 0, 0, 0 ], "scale":[1,1,1]}
}
}