{
    "parent": "item/handheld",
    "textures": {
        "layer0": "items/sign5"
    },
"display": {
    "thirdperson_lefthand": {"rotation": [ 0, 0, 0], "translation": [ 0, 4.5, 0 ], "scale": [ 0.5, 0.5, 0.5 ]},
    "thirdperson_righthand": {"rotation": [ 0, 0, 0], "translation": [ 0, 4.5, 0 ], "scale": [ 0.5, 0.5, 0.5 ]},
    "firstperson_lefthand": {"rotation": [ 0, 0, 0 ], "translation": [ -7.5, 7.5, 0 ], "scale": [ 1.7, 1.7, 1.7 ]},
    "firstperson_righthand": {"rotation": [ 0, 0, 0 ], "translation": [ -8.75, 7.5, 0 ], "scale": [ 1.8, 1.7, 1.7 ]},
    "gui": {"rotation": [ 0, 0, 0 ], "translation": [ 0, 0, 0 ], "scale": [ 1, 1, 1 ]},
    "ground": {"rotation": [ 0, 0, 0], "translation": [ 0, 5, 0 ], "scale":[0.5,0.5,0.5]},
    "head": { "translation": [ 0, 30, 35 ], "scale": [ 2, 2, 2 ]},
    "fixed": {"rotation": [ 0, 0, 0], "translation": [ 0, 0, 0 ], "scale":[8,8,8]}
}
}