<?xml version="1.0" encoding="UTF-8"?>
<enderio:recipes xmlns:enderio="http://enderio.com/recipes" xmlns:xsi="http://www.w3.org/2001/XMLSchema-instance" xsi:schemaLocation="http://enderio.com/recipes recipes.xsd ">

  <alias name="ZOMBIE_ELECTRODE" item="enderio:itemFrankenSkull:0" />
  <alias name="ZOMBIE_CONTROLLER" item="enderio:itemFrankenSkull:1" />
  <alias name="FRANKEN_ZOMBIE" item="enderio:itemFrankenSkull:2" />
  <alias name="ENDER_RESONATOR" item="enderio:itemFrankenSkull:3" />
  <alias name="SENTIENT_ENDER" item="enderio:itemFrankenSkull:4" />

  <alias name="CAPACITOR1" item="enderio:itemBasicCapacitor:0" />
  <alias name="CAPACITOR2" item="enderio:itemBasicCapacitor:1" />
  <alias name="CAPACITOR3" item="enderio:itemBasicCapacitor:2" />
  
  <alias name="GEAR" item="gearStone" />
  <alias name="CHASSIS" item="itemMachineChassi" />
  
  <alias name="FUSED_QUARTZ" item="enderio:blockFusedQuartz:0" />
  <alias name="FUSED_GLASS" item="enderio:blockFusedQuartz:1" />
  <alias name="ENLIGHTED_QUARTZ" item="enderio:blockFusedQuartz:2" />
  <alias name="ENLIGHTED_GLASS" item="enderio:blockFusedQuartz:3" />
  <alias name="DARK_QUARTZ" item="enderio:blockFusedQuartz:4" />
  <alias name="DARK_GLASS" item="enderio:blockFusedQuartz:5" />

  <alias name="ELECTRICAL_STEEL" item="ingotElectricalSteel" />
  <alias name="ENERGETIC_ALLOY" item="ingotEnergeticAlloy" />
  <alias name="VIBRANT_ALLOY" item="ingotVibrantAlloy" />
  <alias name="REDSTONE_ALLOY" item="ingotRedstoneAlloy" />
  <alias name="CONDUCTIVE_IRON" item="ingotConductiveIron" />
  <alias name="PULSATING_IRON" item="ingotPulsatingIron" />
  <alias name="DARK_STEEL" item="ingotDarkSteel" />
  <alias name="SOULARIUM" item="ingotSoularium" />

  <alias name="ELECTRICAL_STEEL_BLOCK" item="blockElectricalSteel" />
  <alias name="ENERGETIC_ALLOY_BLOCK" item="blockEnergeticAlloy" />
  <alias name="VIBRANT_ALLOY_BLOCK" item="blockVibrantAlloy" />
  <alias name="REDSTONE_ALLOY_BLOCK" item="blockRedstoneAlloy" />
  <alias name="CONDUCTIVE_IRON_BLOCK" item="blockConductiveIron" />
  <alias name="PULSATING_IRON_BLOCK" item="blockPulsatingIron" />
  <alias name="DARK_STEEL_BLOCK" item="blockDarkSteel" />
  <alias name="SOULARIUM_BLOCK" item="blockSoularium" />

  <alias name="SILICON" item="itemSilicon" />
  <alias name="CONDUIT_BINDER" item="itemConduitBinder" />
  <alias name="BINDER_COMPOSITE" item="itemBinderComposite" />
  <alias name="PULSATING_IRON_NUGGET" item="itemPulsatingIronNugget" />
  <alias name="VIBRANT_NUGGET" item="itemVibrantNugget" />
  <alias name="PULSATING_CRYSTAL" item="itemPulsatingCrystal" />
  <alias name="VIBRANT_CRYSTAL" item="itemVibrantCrystal" />
  <alias name="DARK_GRINDING_BALL" item="itemDarkGrindingBall" />
  <alias name="ENDER_CRYSTAL" item="itemEnderCrystal" />
  <alias name="ATTRACTOR_CRYSTAL" item="itemAttractorCrystal" />
  <alias name="WEATHER_CRYSTAL" item="itemWeatherCrystal" />

  <alias name="CAP_BANK_1" item="enderio:blockCapBank:1" />
  <alias name="CAP_BANK_2" item="enderio:blockCapBank:2" />
  <alias name="CAP_BANK_3" item="enderio:blockCapBank:3" />

  <alias name="SOLAR_1" item="enderio:blockSolarPanel:0" />
  <alias name="SOLAR_2" item="enderio:blockSolarPanel:1" />
  <alias name="SOLAR_3" item="enderio:blockSolarPanel:2" />

  <alias name="CONDUIT_PROBE" item="enderio:itemConduitProbe:0" />

  <alias name="HEAD_ENDERMAN" item="enderio:blockEndermanSkull:0" />
  <alias name="HEAD_SKELETON" item="minecraft:skull:0" />
  <alias name="HEAD_CREEPER" item="minecraft:skull:2" />
  <alias name="HEAD_ZOMBIE" item="minecraft:skull:4" />

  <alias name="HEAD_ENDERMAN_TORMENTED" item="enderio:blockEndermanSkull:2" />

  <alias name="LIGHT_ELECTRIC" item="enderio:blockElectricLight:0" />
  <alias name="LIGHT_ELECTRIC_INV" item="enderio:blockElectricLight:1" />
  <alias name="LIGHT_BASIC" item="enderio:blockElectricLight:2" />
  <alias name="LIGHT_BASIC_INV" item="enderio:blockElectricLight:3" />
  <alias name="LIGHT_WIRELESS" item="enderio:blockElectricLight:4" />
  <alias name="LIGHT_WIRELESS_INV" item="enderio:blockElectricLight:5" />

  <alias name="PPP_WOOD" item="enderio:blockPaintedPressurePlate:0" />
  <alias name="PPP_STONE" item="enderio:blockPaintedPressurePlate:2" />
  <alias name="PPP_IRON" item="enderio:blockPaintedPressurePlate:4" />
  <alias name="PPP_GOLD" item="enderio:blockPaintedPressurePlate:6" />
  <alias name="PPP_DARK_STEEL" item="enderio:blockPaintedPressurePlate:8" />
  <alias name="PPP_SOULARIUM" item="enderio:blockPaintedPressurePlate:10" />
  <alias name="PPP_TUNED" item="enderio:blockPaintedPressurePlate:12" />

  <alias name="PPP_WOOD_SILENT" item="enderio:blockPaintedPressurePlate:1" />
  <alias name="PPP_STONE_SILENT" item="enderio:blockPaintedPressurePlate:3" />
  <alias name="PPP_IRON_SILENT" item="enderio:blockPaintedPressurePlate:5" />
  <alias name="PPP_GOLD_SILENT" item="enderio:blockPaintedPressurePlate:7" />
  <alias name="PPP_DARK_STEEL_SILENT" item="enderio:blockPaintedPressurePlate:9" />
  <alias name="PPP_SOULARIUM_SILENT" item="enderio:blockPaintedPressurePlate:11" />
  <alias name="PPP_TUNED_SILENT" item="enderio:blockPaintedPressurePlate:13" />

</enderio:recipes>