<?xml version="1.0" encoding="UTF-8"?>
<enderio:recipes xmlns:enderio="http://enderio.com/recipes" xmlns:xsi="http://www.w3.org/2001/XMLSchema-instance" xsi:schemaLocation="http://enderio.com/recipes recipes.xsd ">

  <recipe name="Frank'N'Zombie" required="true">
    <config section="Recipe Settings" name="addPeacefulRecipes" value="true" />
    <crafting>
      <grid size="3x3">
        <item name="ingotGold" /><item name="gemDiamond" /><item name="ingotGold" />
        <item name="gemDiamond" /><item name="ZOMBIE_CONTROLLER" /><item name="gemDiamond" />
        <item name="ingotGold" /><item name="gemDiamond" /><item name="ingotGold" />
      </grid>
      <output name="FRANKEN_ZOMBIE" />
    </crafting>
  </recipe>

  <recipe name="Sentient Ender" required="true">
    <config section="Recipe Settings" name="addPeacefulRecipes" value="true" />
    <crafting>
      <grid size="3x3">
        <item name="gemDiamond" /><item name="gemDiamond" /><item name="gemDiamond" />
        <item name="gemDiamond" /><item name="ENDER_RESONATOR" /><item name="gemDiamond" />
        <item name="ingotGold" /><item name="blockGold" /><item name="ingotGold" />
      </grid>
      <output name="SENTIENT_ENDER" />
    </crafting>
  </recipe>

  <recipe name="Conduit Probe" required="true">
    <crafting>
      <grid size="3x3">
        <item name="ELECTRICAL_STEEL" /><item name="enderio:itemPowerConduit:0" /><item name="ELECTRICAL_STEEL" />
        <item name="oredict:paneGlass" /><item name="item:minecraft:comparator" /><item name="oredict:paneGlass" />
        <item name="SILICON" /><item name="enderio:itemRedstoneConduit:0" /><item name="SILICON" />
      </grid>
      <output name="CONDUIT_PROBE" />
    </crafting>
  </recipe>

  <recipe name="Awareness Upgrade" required="true">
    <crafting>
      <grid size="3x3">
        <item name="CONDUIT_BINDER" /><item name="SILICON" /><item name="CONDUIT_BINDER" />
        <item name="SILICON" /><item name="pearlEnderEye" /><item name="SILICON" />
        <item name="CONDUIT_BINDER" /><item name="ELECTRICAL_STEEL" /><item name="CONDUIT_BINDER" />
      </grid>
      <output name="enderio:itemFunctionUpgrade:0" />
    </crafting>
  </recipe>

  <recipe name="Staff Of Travelling" required="true">
    <config section="Staff Settings" name="travelStaffEnabled" value="true" />
    <crafting>
      <grid size="3x3">
        <item /><item /><item name="ENDER_CRYSTAL" />
        <item /><item name="DARK_STEEL" /><item />
        <item name="DARK_STEEL" /><item /><item />
      </grid>
      <output name="enderio:itemTravelStaff" />
    </crafting>
  </recipe>

  <recipe name="Coordinate Selector (endercore)" required="true">
    <config section="Item Enabling" name="travelAnchorEnabled" value="true" />
    <config section="Staff Settings" name="travelStaffEnabled" value="true" />
    <crafting>
      <grid size="3x3">
        <item name="ELECTRICAL_STEEL" /><item name="pearlEnder" /><item name="ELECTRICAL_STEEL" />
        <item /><item name="minecraft:compass" /><item name="ELECTRICAL_STEEL" />
        <item /><item  /><item name="ELECTRICAL_STEEL" />
      </grid>
      <output name="enderio:itemCoordSelector" />
    </crafting>
  </recipe>

  <recipe name="Coordinate Selector (Forge)" required="true">
    <config section="Item Enabling" name="travelAnchorEnabled" value="true" />
    <config section="Staff Settings" name="travelStaffEnabled" value="true" />
    <crafting>
      <grid size="3x3">
        <item name="ELECTRICAL_STEEL" /><item name="enderpearl" /><item name="ELECTRICAL_STEEL" />
        <item /><item name="minecraft:compass" /><item name="ELECTRICAL_STEEL" />
        <item /><item /><item name="ELECTRICAL_STEEL" />
      </grid>
      <output name="enderio:itemCoordSelector" />
    </crafting>
  </recipe>

  <recipe name="Yeta Wrench" required="true">
    <crafting>
      <grid size="3x3">
        <item name="ELECTRICAL_STEEL" /><item name="" /><item name="ELECTRICAL_STEEL" />
        <item /><item name="GEAR" /><item />
        <item /><item name="ELECTRICAL_STEEL" /><item />
      </grid>
      <output name="enderio:itemYetaWrench" />
    </crafting>
  </recipe>

  <recipe name="Electromagnet" required="true">
    <crafting>
      <grid size="3x3">
        <item name="CONDUCTIVE_IRON" /><item name="VIBRANT_CRYSTAL" /><item name="CONDUCTIVE_IRON" />
        <item name="CONDUCTIVE_IRON" /><item /><item name="CONDUCTIVE_IRON" />
        <item name="ELECTRICAL_STEEL" /><item /><item name="ELECTRICAL_STEEL" />
      </grid>
      <output name="enderio:itemMagnet" />
    </crafting>
  </recipe>

  <recipe name="Dark Steel Helmet" required="true">
    <crafting>
      <grid size="3x2">
        <item name="DARK_STEEL" /><item name="DARK_STEEL" /><item name="DARK_STEEL" />
        <item name="DARK_STEEL" /><item /><item name="DARK_STEEL" />
      </grid>
      <output name="enderio:darkSteel_helmet" />
    </crafting>
  </recipe>

  <recipe name="Dark Steel Chestplate" required="true">
    <crafting>
      <grid size="3x3">
        <item name="DARK_STEEL" /><item /><item name="DARK_STEEL" />
        <item name="DARK_STEEL" /><item name="DARK_STEEL" /><item name="DARK_STEEL" />
        <item name="DARK_STEEL" /><item name="DARK_STEEL" /><item name="DARK_STEEL" />
      </grid>
      <output name="enderio:darkSteel_chestplate" />
    </crafting>
  </recipe>

  <recipe name="Dark Steel Leggings" required="true">
    <crafting>
      <grid size="3x3">
        <item name="DARK_STEEL" /><item name="DARK_STEEL" /><item name="DARK_STEEL" />
        <item name="DARK_STEEL" /><item /><item name="DARK_STEEL" />
        <item name="DARK_STEEL" /><item /><item name="DARK_STEEL" />
      </grid>
      <output name="enderio:darkSteel_leggings" />
    </crafting>
  </recipe>

  <recipe name="Dark Steel Boots" required="true">
    <crafting>
      <grid size="3x2">
        <item name="DARK_STEEL" /><item /><item name="DARK_STEEL" />
        <item name="DARK_STEEL" /><item /><item name="DARK_STEEL" />
      </grid>
      <output name="enderio:darkSteel_boots" />
    </crafting>
  </recipe>

  <recipe name="Glider Wing" required="true">
    <crafting>
      <grid size="3x3">
        <item /><item /><item name="DARK_STEEL" />
        <item /><item name="DARK_STEEL" /><item name="itemLeather" />
        <item name="DARK_STEEL" /><item name="itemLeather" /><item name="itemLeather" />
      </grid>
      <output name="enderio:itemGliderWing:0" />
    </crafting>
  </recipe>

  <recipe name="Gilder Wings" required="true">
    <crafting>
      <grid size="3x2">
        <item /><item name="DARK_STEEL" /><item />
        <item name="enderio:itemGliderWing:0" /><item name="DARK_STEEL" /><item name="enderio:itemGliderWing:0" />
      </grid>
      <output name="enderio:itemGliderWing:1" />
    </crafting>
  </recipe>

  <recipe name="Dark Shears" required="true">
    <crafting>
      <grid size="2x2">
        <item /><item name="DARK_STEEL" />
        <item name="DARK_STEEL" /><item />
      </grid>
      <output name="enderio:darkSteel_shears" />
    </crafting>
  </recipe>

  <recipe name="Soul Vial" required="true">
    <crafting>
      <grid size="3x3">
        <item /><item name="SOULARIUM" /><item />
        <item name="FUSED_QUARTZ" /><item /><item name="FUSED_QUARTZ" />
        <item /><item name="FUSED_QUARTZ" /><item />
      </grid>
      <output name="enderio:itemSoulVessel" />
    </crafting>
  </recipe>

  <recipe name="XP Rod" required="true">
    <crafting>
      <grid size="3x3">
        <item /><item /><item name="SOULARIUM" />
        <item /><item name="ENERGETIC_ALLOY" /><item />
        <item name="SOULARIUM" /><item /><item />
      </grid>
      <output name="enderio:itemXpTransfer" />
    </crafting>
  </recipe>

  <recipe name="The Ender" required="true">
    <crafting>
      <grid size="1x3">
        <item name="DARK_STEEL" />
        <item name="DARK_STEEL" />
        <item name="stickWood" />
      </grid>
      <output name="enderio:darkSteel_sword" />
    </crafting>
  </recipe>

  <recipe name="Dark Pickaxe" required="true">
    <crafting>
      <grid size="3x3">
        <item name="DARK_STEEL" /><item name="DARK_STEEL" /><item name="DARK_STEEL" />
        <item /><item name="stickWood" /><item />
        <item /><item name="stickWood" /><item />
      </grid>
      <output name="enderio:darkSteel_pickaxe" />
    </crafting>
  </recipe>
  
  <recipe name="Dark Axe" required="true">
    <crafting>
      <grid size="2x3">
        <item name="DARK_STEEL" /><item name="DARK_STEEL" />
        <item name="DARK_STEEL" /><item name="stickWood" />
        <item /><item name="stickWood" />
      </grid>
      <output name="enderio:darkSteel_axe" />
    </crafting>
  </recipe>
  
  <recipe name="Conduit Facade" required="true">
    <crafting>
      <grid>
        <item name="CONDUIT_BINDER" /><item name="CONDUIT_BINDER" /><item name="CONDUIT_BINDER" />
        <item name="CONDUIT_BINDER" /><item /><item name="CONDUIT_BINDER" />
        <item name="CONDUIT_BINDER" /><item name="CONDUIT_BINDER" /><item name="CONDUIT_BINDER" />
      </grid>
      <output name="enderio:blockConduitFacade:0" />
    </crafting>
  </recipe>

  <recipe name="Conduit Facade, hardened" required="true">
    <crafting>
      <grid>
        <item /><item name="dustObsidian" /><item />
        <item name="dustObsidian" /><item name="enderio:blockConduitFacade:0" /><item name="dustObsidian" />
        <item /><item name="dustObsidian" /><item />
      </grid>
      <output name="enderio:blockConduitFacade:1" />
    </crafting>
  </recipe>

  <recipe name="Conduit, Liquid, Basic" required="true">
    <crafting>
      <grid>
        <item name="CONDUIT_BINDER" /><item name="CONDUIT_BINDER" /><item name="CONDUIT_BINDER" />
        <item name="FUSED_GLASS" /><item name="FUSED_GLASS" /><item name="FUSED_GLASS" />
        <item name="CONDUIT_BINDER" /><item name="CONDUIT_BINDER" /><item name="CONDUIT_BINDER" />
      </grid>
      <output name="enderio:itemLiquidConduit:0" amount="12">
        <level maxlevel="1"/>
      </output>
      <output name="enderio:itemLiquidConduit:0" amount="8">
        <level minlevel="2" maxlevel="2"/>
      </output>
      <output name="enderio:itemLiquidConduit:0" amount="2">
        <level minlevel="3"/>
      </output>
    </crafting>
  </recipe>

  <recipe name="Conduit, Liquid, Advanced" required="true">
    <crafting>
      <grid>
        <item name="CONDUIT_BINDER" /><item name="CONDUIT_BINDER" /><item name="CONDUIT_BINDER" />
        <item name="FUSED_QUARTZ" /><item name="FUSED_QUARTZ" /><item name="FUSED_QUARTZ" />
        <item name="CONDUIT_BINDER" /><item name="CONDUIT_BINDER" /><item name="CONDUIT_BINDER" />
      </grid>
      <output name="enderio:itemLiquidConduit:1" amount="12">
        <level maxlevel="1"/>
      </output>
      <output name="enderio:itemLiquidConduit:1" amount="8">
        <level minlevel="2" maxlevel="2"/>
      </output>
      <output name="enderio:itemLiquidConduit:1" amount="2">
        <level minlevel="3"/>
      </output>
    </crafting>
  </recipe>

  <recipe name="Conduit, Liquid, Advanced (upgrade)" required="true">
    <crafting>
      <grid>
        <item name="CONDUIT_BINDER" /><item name="CONDUIT_BINDER" /><item name="CONDUIT_BINDER" />
        <item name="FUSED_QUARTZ" /><item name="enderio:itemLiquidConduit:0" /><item name="FUSED_QUARTZ" />
        <item name="CONDUIT_BINDER" /><item name="CONDUIT_BINDER" /><item name="CONDUIT_BINDER" />
      </grid>
      <output name="enderio:itemLiquidConduit:1" amount="12">
        <level maxlevel="1"/>
      </output>
      <output name="enderio:itemLiquidConduit:1" amount="8">
        <level minlevel="2" maxlevel="2"/>
      </output>
      <output name="enderio:itemLiquidConduit:1" amount="2">
        <level minlevel="3"/>
      </output>
    </crafting>
  </recipe>

  <recipe name="Conduit, Liquid, Ender" required="true">
    <crafting>
      <grid>
        <item name="CONDUIT_BINDER" /><item name="CONDUIT_BINDER" /><item name="CONDUIT_BINDER" />
        <item name="VIBRANT_ALLOY" /><item name="FUSED_QUARTZ" /><item name="VIBRANT_ALLOY" />
        <item name="CONDUIT_BINDER" /><item name="CONDUIT_BINDER" /><item name="CONDUIT_BINDER" />
      </grid>
      <output name="enderio:itemLiquidConduit:2" amount="12">
        <level maxlevel="1"/>
      </output>
      <output name="enderio:itemLiquidConduit:2" amount="8">
        <level minlevel="2" maxlevel="2"/>
      </output>
      <output name="enderio:itemLiquidConduit:2" amount="2">
        <level minlevel="3"/>
      </output>
    </crafting>
  </recipe>

  <recipe name="Conduit, Liquid, Ender (upgrade)" required="true">
    <crafting>
      <grid>
        <item name="CONDUIT_BINDER" /><item name="CONDUIT_BINDER" /><item name="CONDUIT_BINDER" />
        <item name="VIBRANT_ALLOY" /><item name="enderio:itemLiquidConduit:1" /><item name="VIBRANT_ALLOY" />
        <item name="CONDUIT_BINDER" /><item name="CONDUIT_BINDER" /><item name="CONDUIT_BINDER" />
      </grid>
      <output name="enderio:itemLiquidConduit:2" amount="12">
        <level maxlevel="1"/>
      </output>
      <output name="enderio:itemLiquidConduit:2" amount="8">
        <level minlevel="2" maxlevel="2"/>
      </output>
      <output name="enderio:itemLiquidConduit:2" amount="2">
        <level minlevel="3"/>
      </output>
    </crafting>
  </recipe>

  <recipe name="Conduit, Endergy, Tier 1" required="true">
    <crafting>
      <grid>
        <item name="CONDUIT_BINDER" /><item name="CONDUIT_BINDER" /><item name="CONDUIT_BINDER" />
        <item name="CONDUCTIVE_IRON" /><item name="CONDUCTIVE_IRON" /><item name="CONDUCTIVE_IRON" />
        <item name="CONDUIT_BINDER" /><item name="CONDUIT_BINDER" /><item name="CONDUIT_BINDER" />
      </grid>
      <output name="enderio:itemPowerConduit:0" amount="12">
        <level maxlevel="1"/>
      </output>
      <output name="enderio:itemPowerConduit:0" amount="8">
        <level minlevel="2" maxlevel="2"/>
      </output>
      <output name="enderio:itemPowerConduit:0" amount="2">
        <level minlevel="3"/>
      </output>
    </crafting>
  </recipe>

  <recipe name="Conduit, Endergy, Tier 2" required="true">
    <crafting>
      <grid>
        <item name="CONDUIT_BINDER" /><item name="CONDUIT_BINDER" /><item name="CONDUIT_BINDER" />
        <item name="ENERGETIC_ALLOY" /><item name="ENERGETIC_ALLOY" /><item name="ENERGETIC_ALLOY" />
        <item name="CONDUIT_BINDER" /><item name="CONDUIT_BINDER" /><item name="CONDUIT_BINDER" />
      </grid>
      <output name="enderio:itemPowerConduit:1" amount="12">
        <level maxlevel="1"/>
      </output>
      <output name="enderio:itemPowerConduit:1" amount="8">
        <level minlevel="2" maxlevel="2"/>
      </output>
      <output name="enderio:itemPowerConduit:1" amount="2">
        <level minlevel="3"/>
      </output>
    </crafting>
  </recipe>

  <recipe name="Conduit, Endergy, Tier 2 (upgrade)" required="true">
    <crafting>
      <grid>
        <item name="CONDUIT_BINDER" /><item name="CONDUIT_BINDER" /><item name="CONDUIT_BINDER" />
        <item name="ENERGETIC_ALLOY" /><item name="enderio:itemPowerConduit:0" /><item name="ENERGETIC_ALLOY" />
        <item name="CONDUIT_BINDER" /><item name="CONDUIT_BINDER" /><item name="CONDUIT_BINDER" />
      </grid>
      <output name="enderio:itemPowerConduit:1" amount="12">
        <level maxlevel="1"/>
      </output>
      <output name="enderio:itemPowerConduit:1" amount="8">
        <level minlevel="2" maxlevel="2"/>
      </output>
      <output name="enderio:itemPowerConduit:1" amount="2">
        <level minlevel="3"/>
      </output>
    </crafting>
  </recipe>

  <recipe name="Conduit, Endergy, Tier 3" required="true">
    <crafting>
      <grid>
        <item name="CONDUIT_BINDER" /><item name="CONDUIT_BINDER" /><item name="CONDUIT_BINDER" />
        <item name="VIBRANT_ALLOY" /><item name="VIBRANT_ALLOY" /><item name="VIBRANT_ALLOY" />
        <item name="CONDUIT_BINDER" /><item name="CONDUIT_BINDER" /><item name="CONDUIT_BINDER" />
      </grid>
      <output name="enderio:itemPowerConduit:2" amount="12">
        <level maxlevel="1"/>
      </output>
      <output name="enderio:itemPowerConduit:2" amount="8">
        <level minlevel="2" maxlevel="2"/>
      </output>
      <output name="enderio:itemPowerConduit:2" amount="2">
        <level minlevel="3"/>
      </output>
    </crafting>
  </recipe>

  <recipe name="Conduit, Endergy, Tier 3 (upgrade)" required="true">
    <crafting>
      <grid>
        <item name="CONDUIT_BINDER" /><item name="CONDUIT_BINDER" /><item name="CONDUIT_BINDER" />
        <item name="VIBRANT_ALLOY" /><item name="enderio:itemPowerConduit:2" /><item name="VIBRANT_ALLOY" />
        <item name="CONDUIT_BINDER" /><item name="CONDUIT_BINDER" /><item name="CONDUIT_BINDER" />
      </grid>
      <output name="enderio:itemPowerConduit:2" amount="12">
        <level maxlevel="1"/>
      </output>
      <output name="enderio:itemPowerConduit:2" amount="8">
        <level minlevel="2" maxlevel="2"/>
      </output>
      <output name="enderio:itemPowerConduit:2" amount="2">
        <level minlevel="3"/>
      </output>
    </crafting>
  </recipe>

  <recipe name="Conduit, Redstone, Insulated" required="true">
    <crafting>
      <grid>
        <item name="CONDUIT_BINDER" /><item name="CONDUIT_BINDER" /><item name="CONDUIT_BINDER" />
        <item name="REDSTONE_ALLOY" /><item name="REDSTONE_ALLOY" /><item name="REDSTONE_ALLOY" />
        <item name="CONDUIT_BINDER" /><item name="CONDUIT_BINDER" /><item name="CONDUIT_BINDER" />
      </grid>
      <output name="enderio:itemRedstoneConduit:0" amount="12">
        <level maxlevel="1"/>
      </output>
      <output name="enderio:itemRedstoneConduit:0" amount="8">
        <level minlevel="2" maxlevel="2"/>
      </output>
      <output name="enderio:itemRedstoneConduit:0" amount="2">
        <level minlevel="3"/>
      </output>
    </crafting>
  </recipe>

  <alias name="GAS_CONDUIT" item="minecraft:stone:0">
    <!-- prevent log messages from the output tags using this -->
    <dependency item="enderio:itemGasConduit:0" reverse="true"/>
  </alias>

  <recipe name="Conduit, Gas" required="true">
    <config name="gasConduitEnabled" section="Item Enabling" value="true"/>
    <dependency item="enderio:itemGasConduit:0" />
    <crafting>
      <grid>
        <item name="CONDUIT_BINDER" /><item name="CONDUIT_BINDER" /><item name="CONDUIT_BINDER" />
        <item name="ELECTRICAL_STEEL" /><item name="FUSED_QUARTZ" /><item name="ELECTRICAL_STEEL" />
        <item name="CONDUIT_BINDER" /><item name="CONDUIT_BINDER" /><item name="CONDUIT_BINDER" />
      </grid>
      <output name="GAS_CONDUIT" amount="12">
        <level maxlevel="1"/>
      </output>
      <output name="GAS_CONDUIT" amount="8">
        <level minlevel="2" maxlevel="2"/>
      </output>
      <output name="GAS_CONDUIT" amount="2">
        <level minlevel="3"/>
      </output>
    </crafting>
  </recipe>

  <alias name="OC_CONDUIT" item="minecraft:stone:0">
    <!-- prevent log messages from the output tags using this -->
    <dependency item="enderio:itemOCConduit:0" reverse="true"/>
  </alias>

  <recipe name="Conduit, Computer" required="true">
    <config name="enableOCConduits" section="Item Enabling" value="true"/>
    <dependency item="enderio:itemOCConduit:0" />
    <crafting>
      <grid>
        <item name="CONDUIT_BINDER" /><item name="CONDUIT_BINDER" /><item name="CONDUIT_BINDER" />
        <item name="REDSTONE_ALLOY" /><item name="ingotIron" /><item name="REDSTONE_ALLOY" />
        <item name="CONDUIT_BINDER" /><item name="CONDUIT_BINDER" /><item name="CONDUIT_BINDER" />
      </grid>
      <output name="OC_CONDUIT" amount="12">
        <level maxlevel="1"/>
      </output>
      <output name="OC_CONDUIT" amount="8">
        <level minlevel="2" maxlevel="2"/>
      </output>
      <output name="OC_CONDUIT" amount="2">
        <level minlevel="3"/>
      </output>
    </crafting>
  </recipe>

  <alias name="ME_CONDUIT" item="minecraft:stone:0">
    <!-- prevent log messages from the output tags using this -->
    <dependency item="enderio:itemMEConduit:0" reverse="true"/>
  </alias>

  <recipe name="Conduit, ME" required="true">
    <config name="enableMEConduits" section="Item Enabling" value="true"/>
    <dependency item="enderio:itemMEConduit:0" />
    <crafting>
      <grid>
        <item name="CONDUIT_BINDER" /><item name="CONDUIT_BINDER" /><item name="CONDUIT_BINDER" />
        <item name="crystalFluix" /><item name="AEApi.instance().parts().partQuartzFiber.stack(1).copy() ???" /><item name="crystalFluix" />
        <item name="CONDUIT_BINDER" /><item name="CONDUIT_BINDER" /><item name="CONDUIT_BINDER" />
      </grid>
      <output name="ME_CONDUIT" amount="12">
        <level maxlevel="1"/>
      </output>
      <output name="ME_CONDUIT" amount="8">
        <level minlevel="2" maxlevel="2"/>
      </output>
      <output name="ME_CONDUIT" amount="2">
        <level minlevel="3"/>
      </output>
    </crafting>
  </recipe>

  <recipe name="Conduit, ME (pure)" required="true">
    <config name="enableMEConduits" section="Item Enabling" value="true"/>
    <dependency item="enderio:itemMEConduit:0" />
    <crafting>
      <grid>
        <item name="CONDUIT_BINDER" /><item name="CONDUIT_BINDER" /><item name="CONDUIT_BINDER" />
        <item name="crystalPureFluix" /><item name="AEApi.instance().parts().partQuartzFiber.stack(1).copy() ???" /><item name="crystalPureFluix" />
        <item name="CONDUIT_BINDER" /><item name="CONDUIT_BINDER" /><item name="CONDUIT_BINDER" />
      </grid>
      <output name="ME_CONDUIT" amount="12">
        <level maxlevel="1"/>
      </output>
      <output name="ME_CONDUIT" amount="8">
        <level minlevel="2" maxlevel="2"/>
      </output>
      <output name="ME_CONDUIT" amount="2">
        <level minlevel="3"/>
      </output>
    </crafting>
  </recipe>

  <alias name="ME_CONDUIT_DENSE" item="minecraft:stone:0">
    <!-- prevent log messages from the output tags using this -->
    <dependency item="enderio:itemMEConduit:1" reverse="true"/>
  </alias>

  <recipe name="Conduit, ME, dense" required="true">
    <config name="enableMEConduits" section="Item Enabling" value="true"/>
    <dependency item="enderio:itemMEConduit:1" />
    <crafting>
      <grid>
        <item name="CONDUIT_BINDER" /><item name="ME_CONDUIT" /><item name="CONDUIT_BINDER" />
        <item name="ME_CONDUIT" /><item name="CONDUIT_BINDER" /><item name="ME_CONDUIT" />
        <item name="CONDUIT_BINDER" /><item name="ME_CONDUIT" /><item name="CONDUIT_BINDER" />
      </grid>
      <output name="ME_CONDUIT_DENSE" amount="12">
        <level maxlevel="1"/>
      </output>
      <output name="ME_CONDUIT_DENSE" amount="8">
        <level minlevel="2" maxlevel="2"/>
      </output>
      <output name="ME_CONDUIT_DENSE" amount="2">
        <level minlevel="3"/>
      </output>
    </crafting>
  </recipe>

  <recipe name="Conduit, Item" required="true">
    <crafting>
      <grid>
        <item name="CONDUIT_BINDER" /><item name="CONDUIT_BINDER" /><item name="CONDUIT_BINDER" />
        <item name="PULSATING_IRON_NUGGET" /><item name="PULSATING_IRON_NUGGET" /><item name="PULSATING_IRON_NUGGET" />
        <item name="CONDUIT_BINDER" /><item name="CONDUIT_BINDER" /><item name="CONDUIT_BINDER" />
      </grid>
      <output name="enderio:itemItemConduit:0" amount="12">
        <level maxlevel="1"/>
      </output>
      <output name="enderio:itemItemConduit:0" amount="8">
        <level minlevel="2" maxlevel="2"/>
      </output>
      <output name="enderio:itemItemConduit:0" amount="2">
        <level minlevel="3"/>
      </output>
    </crafting>
  </recipe>

  <recipe name="Filter, Basic" required="true">
    <crafting>
      <grid>
        <item /><item name="oredict:paper" /><item />
        <item name="oredict:paper" /><item name="blockHopper" /><item name="oredict:paper" />
        <item /><item name="oredict:paper" /><item/>
      </grid>
      <output name="enderio:itemBasicFilterUpgrade:0" />
    </crafting>
  </recipe>

  <recipe name="Filter, Advanced" required="true">
    <crafting>
      <grid>
        <item name="dustRedstone" /><item name="oredict:paper" /><item name="dustRedstone" />
        <item name="oredict:paper" /><item name="ZOMBIE_CONTROLLER" /><item name="oredict:paper" />
        <item name="dustRedstone" /><item name="oredict:paper" /><item name="dustRedstone" />
      </grid>
      <output name="enderio:itemBasicFilterUpgrade:1" />
    </crafting>
  </recipe>

  <recipe name="Filter, Mod" required="true">
    <crafting>
      <grid>
        <item /><item name="oredict:paper" /><item />
        <item name="oredict:paper" /><item name="enderio:itemYetaWrench" /><item name="oredict:paper" />
        <item /><item name="oredict:paper" /><item/>
      </grid>
      <output name="enderio:itemModItemFilter:0" />
    </crafting>
  </recipe>

  <recipe name="Filter, Existing" required="true">
    <crafting>
      <grid>
        <item /><item name="dustRedstone" /><item />
        <item name="dustRedstone" /><item name="enderio:itemBasicFilterUpgrade:1" /><item name="dustRedstone" />
        <item /><item name="minecraft:comparator" /><item/>
      </grid>
      <output name="enderio:itemExistingItemFilter:0" />
    </crafting>
  </recipe>

  <recipe name="Filter, Power" required="true">
    <crafting>
      <grid>
        <item /><item name="oredict:paper" /><item />
        <item name="oredict:paper" /><item name="CONDUIT_PROBE" /><item name="oredict:paper" />
        <item /><item name="oredict:paper" /><item/>
      </grid>
      <output name="enderio:itemPowerItemFilter:0" />
    </crafting>
  </recipe>

  <recipe name="Upgrade, Speed" required="true">
    <crafting>
      <grid>
        <item name="ingotIron" /><item name="ingotIron" /><item name="ingotIron" />
        <item name="ELECTRICAL_STEEL" /><item name="minecraft:piston" /><item name="ELECTRICAL_STEEL" />
        <item name="ELECTRICAL_STEEL" /><item name="minecraft:redstone_torch" /><item name="ELECTRICAL_STEEL" />
      </grid>
      <output name="enderio:itemExtractSpeedUpgrade:0" />
    </crafting>
  </recipe>

  <recipe name="Upgrade, Slowness" required="true">
    <crafting>
      <grid>
        <item name="ingotIron" /><item name="ingotIron" /><item name="ingotIron" />
        <item name="ELECTRICAL_STEEL" /><item name="slimeball" /><item name="ELECTRICAL_STEEL" />
        <item name="ELECTRICAL_STEEL" /><item name="stickWood" /><item name="ELECTRICAL_STEEL" />
      </grid>
      <output name="enderio:itemExtractSpeedUpgrade:1" />
    </crafting>
  </recipe>





</enderio:recipes>